Model,Accuracy,Precision,Recall,F1 Score,ROC-AUC
Logistic Regression,0.7450738191871067,0.7454931071049841,0.7442653805434655,0.7448787379326584,0.7928022931558224
Decision Tree,0.9005940827010176,0.8481750332276863,0.9758851899776497,0.907559347992561,0.9478289405398672
Random Forest,0.9079465913769779,0.8541666666666666,0.9838842489118927,0.9144481495654075,0.9533522076987483
XGBoost,0.9076524910299394,0.8528663068933917,0.9852958475473473,0.9143106647745879,0.9551353889161829
